<?xml version = '1.0' encoding = 'UTF-8'?>
<FKIndexAssociation class="oracle.dbtools.crest.model.design.relational.FKIndexAssociation" directorySegmentName="seg_0" id="5426603A-6781-5667-40DE-E620190BBA96" containerWithKeyObject="19192C92-6CF7-D74E-B424-792B61D2A7DE" localFKIndex="32EFEF8C-C94E-F3DB-384A-77F68EAE4D5E" name="Relation_12">
<createdBy>jbarr</createdBy>
<createdTime>2024-09-17 01:13:49 UTC</createdTime>
<generatorID>7786A160-2AE1-D4CD-77DB-347428A31A87</generatorID>
<ownerDesignName>DataBase_s6</ownerDesignName>
<referredTableLongName>ORDEN_ATENCION</referredTableLongName>
<deleteRule>NO ACTION</deleteRule>
<referredTableID>021EA497-48F6-0858-77EA-6440B8C78763</referredTableID>
<keyObject>52DFF1D5-DB29-70FA-6148-D286C3976F74</keyObject>
<referredKeyID>52DFF1D5-DB29-70FA-6148-D286C3976F74</referredKeyID>
<mandatory>true</mandatory>
<refColNames>ID_ORDEN_ATENCION</refColNames>
<transferable>true</transferable>
<rely>false</rely>
<columnDependencyConstraintGenerateInDDL>true</columnDependencyConstraintGenerateInDDL>
</FKIndexAssociation>