<?xml version = '1.0' encoding = 'UTF-8'?>
<FKIndexAssociation class="oracle.dbtools.crest.model.design.relational.FKIndexAssociation" directorySegmentName="seg_0" id="7BF6FF77-C577-4C2D-8C63-44A3D194E763" containerWithKeyObject="021EA497-48F6-0858-77EA-6440B8C78763" localFKIndex="47C1836B-2D00-8519-4A31-7019ACA93C25" name="Relation_14v1">
<createdBy>jbarr</createdBy>
<createdTime>2024-09-17 01:54:50 UTC</createdTime>
<generatorID>B6641644-0255-88B1-ECC0-BFE604ECD0AA</generatorID>
<ownerDesignName>DataBase_s6</ownerDesignName>
<referredTableLongName>ESTADO_VEHICULO</referredTableLongName>
<deleteRule>NO ACTION</deleteRule>
<referredTableID>DBA9B56B-8497-EE5F-604B-E0ADCCC86CAA</referredTableID>
<keyObject>4C0AE7CC-6CFD-5042-9067-DA1BFCC44128</keyObject>
<referredKeyID>4C0AE7CC-6CFD-5042-9067-DA1BFCC44128</referredKeyID>
<mandatory>true</mandatory>
<refColNames>ID_ESTADO_VEHICULO</refColNames>
<transferable>true</transferable>
<rely>false</rely>
<columnDependencyConstraintGenerateInDDL>true</columnDependencyConstraintGenerateInDDL>
</FKIndexAssociation>