<?xml version = '1.0' encoding = 'UTF-8'?>
<FKIndexAssociation class="oracle.dbtools.crest.model.design.relational.FKIndexAssociation" directorySegmentName="seg_0" id="A0FA16AC-FE55-64F7-79FE-A503CA386D09" containerWithKeyObject="021EA497-48F6-0858-77EA-6440B8C78763" localFKIndex="32921482-4F8F-91AB-42A7-8D5877F0A296" name="Relation_9">
<createdBy>ProBook</createdBy>
<createdTime>2024-09-08 01:19:45 UTC</createdTime>
<generatorID>D6B6A0DC-79C1-F178-60A7-2A781AED9777</generatorID>
<ownerDesignName>DataBase_s6</ownerDesignName>
<referredTableLongName>CLIENTE</referredTableLongName>
<deleteRule>NO ACTION</deleteRule>
<referredTableID>53CEA1E8-F944-2A99-CFEC-2F4005F6781E</referredTableID>
<keyObject>D922F54F-FCCC-2E05-D46F-1734050CED16</keyObject>
<referredKeyID>D922F54F-FCCC-2E05-D46F-1734050CED16</referredKeyID>
<mandatory>true</mandatory>
<refColNames>RUT_CLIENTE</refColNames>
<transferable>true</transferable>
<rely>false</rely>
<columnDependencyConstraintGenerateInDDL>true</columnDependencyConstraintGenerateInDDL>
</FKIndexAssociation>