<?xml version = '1.0' encoding = 'UTF-8'?>
<FKIndexAssociation class="oracle.dbtools.crest.model.design.relational.FKIndexAssociation" directorySegmentName="seg_0" id="D6E4F1BB-0B8E-422E-BAC7-94627B495942" containerWithKeyObject="021EA497-48F6-0858-77EA-6440B8C78763" localFKIndex="A2EE6108-FF41-5204-7D0F-3FC0840345C9" name="Relation_11v1">
<createdBy>jbarr</createdBy>
<createdTime>2024-09-17 01:54:50 UTC</createdTime>
<generatorID>54B803D1-318B-A01E-C924-A2EB5ED2575E</generatorID>
<ownerDesignName>DataBase_s6</ownerDesignName>
<referredTableLongName>VALIDACION_SERVICIO</referredTableLongName>
<deleteRule>NO ACTION</deleteRule>
<referredTableID>ED37238A-AEF2-524F-DB02-C77CB8D04B7E</referredTableID>
<keyObject>ADDEE2E8-FC41-4062-CB6B-E67EA2C88986</keyObject>
<referredKeyID>ADDEE2E8-FC41-4062-CB6B-E67EA2C88986</referredKeyID>
<mandatory>true</mandatory>
<refColNames>ID_VALIDACION_SERVICIO</refColNames>
<transferable>true</transferable>
<rely>false</rely>
<columnDependencyConstraintGenerateInDDL>true</columnDependencyConstraintGenerateInDDL>
</FKIndexAssociation>