<?xml version = '1.0' encoding = 'UTF-8'?>
<FKIndexAssociation class="oracle.dbtools.crest.model.design.relational.FKIndexAssociation" directorySegmentName="seg_0" id="D91FAC71-852D-2B2F-A0F9-43D6BD3E3B1D" containerWithKeyObject="235F1412-DE21-9F92-2AAF-9EF428C95ABA" localFKIndex="2E6E2523-89D1-E0C3-32AF-5E71F3EE413D" name="Relation_1">
<createdBy>ProBook</createdBy>
<createdTime>2024-09-08 01:19:45 UTC</createdTime>
<generatorID>478F9EA1-ED74-4649-9AA5-CB9ED0F4AC06</generatorID>
<ownerDesignName>DataBase_s6</ownerDesignName>
<referredTableLongName>CLIENTE</referredTableLongName>
<deleteRule>NO ACTION</deleteRule>
<referredTableID>53CEA1E8-F944-2A99-CFEC-2F4005F6781E</referredTableID>
<keyObject>D922F54F-FCCC-2E05-D46F-1734050CED16</keyObject>
<referredKeyID>D922F54F-FCCC-2E05-D46F-1734050CED16</referredKeyID>
<mandatory>true</mandatory>
<refColNames>RUT_CLIENTE</refColNames>
<transferable>true</transferable>
<rely>false</rely>
<columnDependencyConstraintGenerateInDDL>true</columnDependencyConstraintGenerateInDDL>
</FKIndexAssociation>