<?xml version = '1.0' encoding = 'UTF-8'?>
<FKIndexAssociation class="oracle.dbtools.crest.model.design.relational.FKIndexAssociation" directorySegmentName="seg_0" id="E5C5D3C3-3B23-D42D-B5DD-DE575C84EE36" containerWithKeyObject="021EA497-48F6-0858-77EA-6440B8C78763" localFKIndex="7919AC87-BAB3-0F56-0AAC-C8C66F153B91" name="Relation_12v1">
<createdBy>jbarr</createdBy>
<createdTime>2024-09-17 01:54:50 UTC</createdTime>
<generatorID>7786A160-2AE1-D4CD-77DB-347428A31A87</generatorID>
<ownerDesignName>DataBase_s6</ownerDesignName>
<referredTableLongName>SEGUIMIENTO</referredTableLongName>
<deleteRule>NO ACTION</deleteRule>
<referredTableID>19192C92-6CF7-D74E-B424-792B61D2A7DE</referredTableID>
<keyObject>C0536BDE-9C2C-77B4-FF42-A80FDC465E7C</keyObject>
<referredKeyID>C0536BDE-9C2C-77B4-FF42-A80FDC465E7C</referredKeyID>
<mandatory>true</mandatory>
<refColNames>ID_SEGUIMIENTO</refColNames>
<transferable>true</transferable>
<rely>false</rely>
<columnDependencyConstraintGenerateInDDL>true</columnDependencyConstraintGenerateInDDL>
</FKIndexAssociation>