<?xml version = '1.0' encoding = 'UTF-8'?>
<FKIndexAssociation class="oracle.dbtools.crest.model.design.relational.FKIndexAssociation" directorySegmentName="seg_0" id="F0F3F1BE-6AEA-1F19-01A5-3711648A6E90" containerWithKeyObject="ED37238A-AEF2-524F-DB02-C77CB8D04B7E" localFKIndex="4B6640F3-E746-8B6E-9BD2-89CBBEDA14D6" name="Relation_11">
<createdBy>jbarr</createdBy>
<createdTime>2024-09-17 01:13:49 UTC</createdTime>
<generatorID>54B803D1-318B-A01E-C924-A2EB5ED2575E</generatorID>
<ownerDesignName>DataBase_s6</ownerDesignName>
<referredTableLongName>ORDEN_ATENCION</referredTableLongName>
<deleteRule>NO ACTION</deleteRule>
<referredTableID>021EA497-48F6-0858-77EA-6440B8C78763</referredTableID>
<keyObject>52DFF1D5-DB29-70FA-6148-D286C3976F74</keyObject>
<referredKeyID>52DFF1D5-DB29-70FA-6148-D286C3976F74</referredKeyID>
<mandatory>true</mandatory>
<refColNames>ID_ORDEN_ATENCION</refColNames>
<transferable>true</transferable>
<rely>false</rely>
<columnDependencyConstraintGenerateInDDL>true</columnDependencyConstraintGenerateInDDL>
</FKIndexAssociation>