<?xml version = '1.0' encoding = 'UTF-8'?>
<FKIndexAssociation class="oracle.dbtools.crest.model.design.relational.FKIndexAssociation" directorySegmentName="seg_0" id="FCA5E9EA-82D6-C2D8-A493-0AEB89B197F9" containerWithKeyObject="DBA9B56B-8497-EE5F-604B-E0ADCCC86CAA" localFKIndex="15DB8FB5-AC56-E338-29EA-E0D45BE33733" name="Relation_14">
<createdBy>jbarr</createdBy>
<createdTime>2024-09-17 01:13:49 UTC</createdTime>
<generatorID>B6641644-0255-88B1-ECC0-BFE604ECD0AA</generatorID>
<ownerDesignName>DataBase_s6</ownerDesignName>
<referredTableLongName>ORDEN_ATENCION</referredTableLongName>
<deleteRule>NO ACTION</deleteRule>
<referredTableID>021EA497-48F6-0858-77EA-6440B8C78763</referredTableID>
<keyObject>52DFF1D5-DB29-70FA-6148-D286C3976F74</keyObject>
<referredKeyID>52DFF1D5-DB29-70FA-6148-D286C3976F74</referredKeyID>
<mandatory>true</mandatory>
<refColNames>ID_ORDEN_ATENCION</refColNames>
<transferable>true</transferable>
<rely>false</rely>
<columnDependencyConstraintGenerateInDDL>true</columnDependencyConstraintGenerateInDDL>
</FKIndexAssociation>