<?xml version = '1.0' encoding = 'UTF-8'?>
<Relation class="oracle.dbtools.crest.model.design.logical.InheritanceRelation" name="Hierarchy_4" directorySegmentName="seg_0" id="4507DD31-B412-016F-4D70-D67B26DE076D">
<createdBy>jbarr</createdBy>
<createdTime>2024-09-17 00:27:07 UTC</createdTime>
<ownerDesignName>DataBase_s6</ownerDesignName>
<engineerTo>
<item key="8E029830-9B4D-F2DA-A414-7F04035C21CE" value="true"/>
</engineerTo>
<identifying>false</identifying>
<nameOnSource>Super Type</nameOnSource>
<nameOnTarget>Sub Type</nameOnTarget>
<optionalSource>true</optionalSource>
<optionalTarget>true</optionalTarget>
<sourceEntity>3CB8A065-8E82-1EE3-2267-91A39CDAD0F6</sourceEntity>
<targetEntity>71B5D3C9-E213-B1AF-1A63-07A1F5806C49</targetEntity>
<transferable>true</transferable>
<deleteRule>NO ACTION</deleteRule>
</Relation>