<?xml version = '1.0' encoding = 'UTF-8'?>
<Relation class="oracle.dbtools.crest.model.design.logical.InheritanceRelation" name="Hierarchy_2" directorySegmentName="seg_0" id="ACA8F395-553B-68C5-342D-2D07AC9687C0">
<createdBy>jbarr</createdBy>
<createdTime>2024-09-17 00:26:18 UTC</createdTime>
<ownerDesignName>DataBase_s6</ownerDesignName>
<engineerTo>
<item key="8E029830-9B4D-F2DA-A414-7F04035C21CE" value="true"/>
</engineerTo>
<identifying>false</identifying>
<nameOnSource>Super Type</nameOnSource>
<nameOnTarget>Sub Type</nameOnTarget>
<optionalSource>true</optionalSource>
<optionalTarget>true</optionalTarget>
<sourceEntity>3CB8A065-8E82-1EE3-2267-91A39CDAD0F6</sourceEntity>
<targetEntity>1E1BFAC1-23D6-9CCF-D052-1F4D44EB5A8D</targetEntity>
<transferable>true</transferable>
<deleteRule>NO ACTION</deleteRule>
</Relation>