<?xml version = '1.0' encoding = 'UTF-8'?>
<Relation class="oracle.dbtools.crest.model.design.logical.Relation" name="Relation_1" directorySegmentName="seg_0" id="478F9EA1-ED74-4649-9AA5-CB9ED0F4AC06">
<createdBy>jbarr</createdBy>
<createdTime>2024-09-01 22:45:04 UTC</createdTime>
<ownerDesignName>DataBase_s6</ownerDesignName>
<importedID>8AE51AF5-68A6-EB9D-A815-5904713011D5</importedID>
<engineerTo>
<item key="8E029830-9B4D-F2DA-A414-7F04035C21CE" value="true"/>
</engineerTo>
<sourcePk>219B9F21-FB96-3548-88B6-A9A08D7DB179</sourcePk>
<identifying>true</identifying>
<optionalSource>false</optionalSource>
<optionalTarget>false</optionalTarget>
<sourceCardinality>1</sourceCardinality>
<sourceEntity>613ADC38-B0CA-8C15-74FA-EFD38B6DE169</sourceEntity>
<targetCardinalityString>*</targetCardinalityString>
<targetEntity>2BDA978B-AB72-5D8E-7CB0-7CA9F042746F</targetEntity>
<transferable>true</transferable>
<deleteRule>NO ACTION</deleteRule>
</Relation>