<?xml version = '1.0' encoding = 'UTF-8'?>
<Relation class="oracle.dbtools.crest.model.design.logical.Relation" name="Relation_12" directorySegmentName="seg_0" id="7786A160-2AE1-D4CD-77DB-347428A31A87">
<createdBy>jbarr</createdBy>
<createdTime>2024-09-01 23:23:57 UTC</createdTime>
<ownerDesignName>DataBase_s6</ownerDesignName>
<engineerTo>
<item key="8E029830-9B4D-F2DA-A414-7F04035C21CE" value="true"/>
</engineerTo>
<sourcePk>B514C042-6AE0-51CE-65E7-B088A7D6525D</sourcePk>
<targetPk>B3B17CCD-D2DE-F7FD-0B2B-5E101C4AD583</targetPk>
<identifying>false</identifying>
<optionalSource>false</optionalSource>
<optionalTarget>false</optionalTarget>
<sourceCardinality>1</sourceCardinality>
<sourceEntity>024A7492-7AB0-1BFB-FB66-8D00A169BBE0</sourceEntity>
<targetCardinalityString>1</targetCardinalityString>
<targetEntity>3D41F1EE-39B3-F814-621C-DBCFE0C232D9</targetEntity>
<transferable>true</transferable>
<deleteRule>NO ACTION</deleteRule>
</Relation>