<?xml version = '1.0' encoding = 'UTF-8'?>
<Relation class="oracle.dbtools.crest.model.design.logical.Relation" name="Relation_5" directorySegmentName="seg_0" id="D77886AB-0931-DE6A-59DF-08620BA04ACB">
<createdBy>jbarr</createdBy>
<createdTime>2024-09-01 22:45:04 UTC</createdTime>
<ownerDesignName>DataBase_s6</ownerDesignName>
<importedID>77AA22FC-DE20-8795-F1BD-CE08A85E3755</importedID>
<engineerTo>
<item key="8E029830-9B4D-F2DA-A414-7F04035C21CE" value="true"/>
</engineerTo>
<sourcePk>FAF94444-FAFC-3191-AB6E-F4AA6BC94479</sourcePk>
<targetPk>835D1E4A-6C3C-A95D-F76F-6D29F2361009</targetPk>
<identifying>false</identifying>
<optionalSource>false</optionalSource>
<optionalTarget>false</optionalTarget>
<sourceCardinality>*</sourceCardinality>
<sourceEntity>3CB8A065-8E82-1EE3-2267-91A39CDAD0F6</sourceEntity>
<targetCardinalityString>1</targetCardinalityString>
<targetEntity>798A173B-7E34-B477-BC09-941CB7870154</targetEntity>
<transferable>true</transferable>
<deleteRule>NO ACTION</deleteRule>
</Relation>