<?xml version = '1.0' encoding = 'UTF-8'?>
<Diagram class="oracle.dbtools.crest.swingui.relational.DPVRelational" name="Relational_1" id="14501FEE-8686-33BA-A3B5-DE0D5330109F">
<createdBy>ProBook</createdBy>
<modifiedBy>ProBook</modifiedBy>
<createdTime>2024-09-08 01:19:37 UTC</createdTime>
<autoRoute>false</autoRoute>
<boxInbox>true</boxInbox>
<showLegend>false</showLegend>
<showLabels>false</showLabels>
<showRelAttributes>false</showRelAttributes>
<gridEnabled>true</gridEnabled>
<showGrid>false</showGrid>
<diagramColor>-1</diagramColor>
<display>false</display>
<notation>1</notation>
<objectViews>
<OView class="oracle.dbtools.crest.swingui.relational.TVTable" oid="021EA497-48F6-0858-77EA-6440B8C78763" otype="Table" vid="4910036E-517C-AFEA-2D67-BF950F7DE9BF">
<hideElementsInCurrentOnly>false</hideElementsInCurrentOnly>
<bounds x="680" y="0" width="424" height="394"/>
</OView>
<OView class="oracle.dbtools.crest.swingui.relational.TVTable" oid="021EA497-48F6-0858-77EA-6440B8C78763" otype="Table" vid="DAD27746-AADB-36DF-612D-FBD63A9212E8" vnum="1">
<hideElementsInCurrentOnly>false</hideElementsInCurrentOnly>
<bounds x="481" y="79" width="301" height="230"/>
</OView>
<OView class="oracle.dbtools.crest.swingui.relational.TVTable" oid="021EA497-48F6-0858-77EA-6440B8C78763" otype="Table" vid="EF6901CA-02C0-8BBC-E21D-E12EE314A275" vnum="2">
<hideElementsInCurrentOnly>false</hideElementsInCurrentOnly>
<bounds x="481" y="79" width="301" height="230"/>
</OView>
<OView class="oracle.dbtools.crest.swingui.relational.TVTable" oid="021EA497-48F6-0858-77EA-6440B8C78763" otype="Table" vid="37C359C7-781E-BACB-55F2-9E07A48F3FF4" vnum="3">
<hideElementsInCurrentOnly>false</hideElementsInCurrentOnly>
<bounds x="481" y="79" width="301" height="230"/>
</OView>
<OView class="oracle.dbtools.crest.swingui.relational.TVTable" oid="175F7F2B-9F93-CD38-7951-9C55F1883E17" otype="Table" vid="78B53D7F-2BC3-4252-171F-0F0D78CC4172">
<hideElementsInCurrentOnly>false</hideElementsInCurrentOnly>
<bounds x="20" y="370" width="296" height="116"/>
</OView>
<OView class="oracle.dbtools.crest.swingui.relational.TVTable" oid="19192C92-6CF7-D74E-B424-792B61D2A7DE" otype="Table" vid="E49EEF6E-667E-C781-838A-2C330E8C61AF">
<hideElementsInCurrentOnly>false</hideElementsInCurrentOnly>
<bounds x="870" y="510" width="274" height="156"/>
</OView>
<OView class="oracle.dbtools.crest.swingui.relational.TVTable" oid="19192C92-6CF7-D74E-B424-792B61D2A7DE" otype="Table" vid="2854C3A1-54A1-F1BC-DD79-45CEFE856B30" vnum="1">
<hideElementsInCurrentOnly>false</hideElementsInCurrentOnly>
<bounds x="766" y="250" width="310" height="170"/>
</OView>
<OView class="oracle.dbtools.crest.swingui.relational.TVTable" oid="235F1412-DE21-9F92-2AAF-9EF428C95ABA" otype="Table" vid="9CFAD6FE-F108-E5BB-5319-8453EDD4A8F6">
<hideElementsInCurrentOnly>false</hideElementsInCurrentOnly>
<bounds x="20" y="60" width="323" height="122"/>
</OView>
<OView class="oracle.dbtools.crest.swingui.relational.TVTable" oid="53CEA1E8-F944-2A99-CFEC-2F4005F6781E" otype="Table" vid="2ED6D469-7C07-2182-8EE8-DE403AD4FA37">
<hideElementsInCurrentOnly>false</hideElementsInCurrentOnly>
<bounds x="390" y="30" width="243" height="116"/>
</OView>
<OView class="oracle.dbtools.crest.swingui.relational.TVTable" oid="53CEA1E8-F944-2A99-CFEC-2F4005F6781E" otype="Table" vid="5191266D-CDBE-334A-51C5-B53A47F06046" vnum="1">
<hideElementsInCurrentOnly>false</hideElementsInCurrentOnly>
<bounds x="272" y="74" width="243" height="116"/>
</OView>
<OView class="oracle.dbtools.crest.swingui.relational.TVTable" oid="53CEA1E8-F944-2A99-CFEC-2F4005F6781E" otype="Table" vid="78367CEF-8B94-1E27-5DA4-164007CE2D3A" vnum="2">
<hideElementsInCurrentOnly>false</hideElementsInCurrentOnly>
<bounds x="272" y="74" width="243" height="116"/>
</OView>
<OView class="oracle.dbtools.crest.swingui.relational.TVTable" oid="7DB2CE98-1931-4F0F-AB46-17FB59EDB854" otype="Table" vid="64344624-07DA-FDA2-82D3-B2197A656FF3">
<hideElementsInCurrentOnly>false</hideElementsInCurrentOnly>
<bounds x="20" y="490" width="295" height="116"/>
</OView>
<OView class="oracle.dbtools.crest.swingui.relational.TVTable" oid="D7C1997F-B391-94D3-CB93-2B72F3E3B6D4" otype="Table" vid="AE971A4C-5F6A-C372-7DF7-49E904A7AD63">
<hideElementsInCurrentOnly>false</hideElementsInCurrentOnly>
<bounds x="20" y="610" width="304" height="116"/>
</OView>
<OView class="oracle.dbtools.crest.swingui.relational.TVTable" oid="DBA9B56B-8497-EE5F-604B-E0ADCCC86CAA" otype="Table" vid="59C4AF4F-F202-3D74-72EE-4BAB33C1B777">
<hideElementsInCurrentOnly>false</hideElementsInCurrentOnly>
<bounds x="1190" y="220" width="296" height="198"/>
</OView>
<OView class="oracle.dbtools.crest.swingui.relational.TVTable" oid="DBA9B56B-8497-EE5F-604B-E0ADCCC86CAA" otype="Table" vid="1EBBE8E6-77CD-569E-2C9A-8109C034B0E0" vnum="1">
<hideElementsInCurrentOnly>false</hideElementsInCurrentOnly>
<bounds x="481" y="393" width="310" height="198"/>
</OView>
<OView class="oracle.dbtools.crest.swingui.relational.TVTable" oid="E79A0360-9FFA-9322-F496-745ED0B771D5" otype="Table" vid="D45F4682-48F1-7C87-CEF9-EE0C89497C65">
<hideElementsInCurrentOnly>false</hideElementsInCurrentOnly>
<bounds x="30" y="250" width="281" height="116"/>
</OView>
<OView class="oracle.dbtools.crest.swingui.relational.TVTable" oid="E8468E95-390F-80EE-44D2-593F8DA417BE" otype="Table" vid="C0C7EDDD-A550-4D5C-4514-50B657C253EF">
<hideElementsInCurrentOnly>false</hideElementsInCurrentOnly>
<bounds x="400" y="320" width="242" height="311"/>
</OView>
<OView class="oracle.dbtools.crest.swingui.relational.TVTable" oid="E8468E95-390F-80EE-44D2-593F8DA417BE" otype="Table" vid="3E3EC80A-DA9E-FD00-FBC4-1F60F7266103" vnum="1">
<hideElementsInCurrentOnly>false</hideElementsInCurrentOnly>
<bounds x="86" y="257" width="242" height="206"/>
</OView>
<OView class="oracle.dbtools.crest.swingui.relational.TVTable" oid="ED37238A-AEF2-524F-DB02-C77CB8D04B7E" otype="Table" vid="EEC2E442-D415-D347-4B4F-1EFA0CE99B6A">
<hideElementsInCurrentOnly>false</hideElementsInCurrentOnly>
<bounds x="1160" y="10" width="314" height="142"/>
</OView>
</objectViews>
<connectors>
<Connector class="oracle.dbtools.crest.swingui.relational.TVFKRelation" oid="043B7DFE-5511-A677-8FD5-2A01593BC60C" otype="FKIndexAssociation" vid_source="D45F4682-48F1-7C87-CEF9-EE0C89497C65" vid_target="C0C7EDDD-A550-4D5C-4514-50B657C253EF">
<hideElementsInCurrentOnly>false</hideElementsInCurrentOnly>
<backgroundColor>-16777216</backgroundColor>
<lineWidth>1</lineWidth>
<points>
<point x="311" y="328"/>
<point x="400" y="328"/>
</points>
</Connector>
<Connector class="oracle.dbtools.crest.swingui.relational.TVFKRelation" oid="100BE12A-F3AD-1A8B-6F96-BE445DB9ADD7" otype="FKIndexAssociation" vid_source="78367CEF-8B94-1E27-5DA4-164007CE2D3A" vid_target="C0C7EDDD-A550-4D5C-4514-50B657C253EF">
<hideElementsInCurrentOnly>false</hideElementsInCurrentOnly>
<backgroundColor>-16777216</backgroundColor>
<lineWidth>1</lineWidth>
<points>
<point x="501" y="120"/>
<point x="510" y="320"/>
</points>
</Connector>
<Connector class="oracle.dbtools.crest.swingui.relational.TVFKRelation" oid="5426603A-6781-5667-40DE-E620190BBA96" otype="FKIndexAssociation" vid_source="DAD27746-AADB-36DF-612D-FBD63A9212E8" vid_target="E49EEF6E-667E-C781-838A-2C330E8C61AF">
<hideElementsInCurrentOnly>false</hideElementsInCurrentOnly>
<backgroundColor>-16777216</backgroundColor>
<lineWidth>1</lineWidth>
<points>
<point x="650" y="510"/>
<point x="870" y="510"/>
</points>
</Connector>
<Connector class="oracle.dbtools.crest.swingui.relational.TVFKRelation" oid="7BF6FF77-C577-4C2D-8C63-44A3D194E763" otype="FKIndexAssociation" vid_source="59C4AF4F-F202-3D74-72EE-4BAB33C1B777" vid_target="4910036E-517C-AFEA-2D67-BF950F7DE9BF">
<hideElementsInCurrentOnly>false</hideElementsInCurrentOnly>
<backgroundColor>-16777216</backgroundColor>
<lineWidth>1</lineWidth>
<points>
<point x="1190" y="307"/>
<point x="1104" y="307"/>
</points>
</Connector>
<Connector class="oracle.dbtools.crest.swingui.relational.TVFKRelation" oid="996BDABB-8AF2-2281-23C5-AE7D7B0B5820" otype="FKIndexAssociation" vid_source="3E3EC80A-DA9E-FD00-FBC4-1F60F7266103" vid_target="4910036E-517C-AFEA-2D67-BF950F7DE9BF">
<hideElementsInCurrentOnly>false</hideElementsInCurrentOnly>
<backgroundColor>-16777216</backgroundColor>
<lineWidth>1</lineWidth>
<points>
<point x="650" y="420"/>
<point x="910" y="394"/>
</points>
</Connector>
<Connector class="oracle.dbtools.crest.swingui.relational.TVFKRelation" oid="9D66D780-E3A3-D9D0-C8A2-554B1C6B2994" otype="FKIndexAssociation" vid_source="64344624-07DA-FDA2-82D3-B2197A656FF3" vid_target="C0C7EDDD-A550-4D5C-4514-50B657C253EF">
<hideElementsInCurrentOnly>false</hideElementsInCurrentOnly>
<backgroundColor>-16777216</backgroundColor>
<lineWidth>1</lineWidth>
<points>
<point x="315" y="548"/>
<point x="400" y="548"/>
</points>
</Connector>
<Connector class="oracle.dbtools.crest.swingui.relational.TVFKRelation" oid="A0FA16AC-FE55-64F7-79FE-A503CA386D09" otype="FKIndexAssociation" vid_source="2ED6D469-7C07-2182-8EE8-DE403AD4FA37" vid_target="4910036E-517C-AFEA-2D67-BF950F7DE9BF">
<hideElementsInCurrentOnly>false</hideElementsInCurrentOnly>
<backgroundColor>-16777216</backgroundColor>
<lineWidth>1</lineWidth>
<points>
<point x="633" y="88"/>
<point x="680" y="88"/>
</points>
</Connector>
<Connector class="oracle.dbtools.crest.swingui.relational.TVFKRelation" oid="B5C0CFD4-AB03-8CF6-B8AE-135B33D53A2E" otype="FKIndexAssociation" vid_source="AE971A4C-5F6A-C372-7DF7-49E904A7AD63" vid_target="C0C7EDDD-A550-4D5C-4514-50B657C253EF">
<hideElementsInCurrentOnly>false</hideElementsInCurrentOnly>
<backgroundColor>-16777216</backgroundColor>
<lineWidth>1</lineWidth>
<points>
<point x="324" y="620"/>
<point x="400" y="620"/>
</points>
</Connector>
<Connector class="oracle.dbtools.crest.swingui.relational.TVFKRelation" oid="D6E4F1BB-0B8E-422E-BAC7-94627B495942" otype="FKIndexAssociation" vid_source="EEC2E442-D415-D347-4B4F-1EFA0CE99B6A" vid_target="4910036E-517C-AFEA-2D67-BF950F7DE9BF">
<hideElementsInCurrentOnly>false</hideElementsInCurrentOnly>
<backgroundColor>-16777216</backgroundColor>
<lineWidth>1</lineWidth>
<points>
<point x="918" y="66"/>
<point x="1104" y="66"/>
</points>
</Connector>
<Connector class="oracle.dbtools.crest.swingui.relational.TVFKRelation" oid="D91FAC71-852D-2B2F-A0F9-43D6BD3E3B1D" otype="FKIndexAssociation" vid_source="5191266D-CDBE-334A-51C5-B53A47F06046" vid_target="9CFAD6FE-F108-E5BB-5319-8453EDD4A8F6">
<hideElementsInCurrentOnly>false</hideElementsInCurrentOnly>
<backgroundColor>-16777216</backgroundColor>
<lineWidth>1</lineWidth>
<points>
<point x="390" y="79"/>
<point x="343" y="109"/>
</points>
</Connector>
<Connector class="oracle.dbtools.crest.swingui.relational.TVFKRelation" oid="E5C5D3C3-3B23-D42D-B5DD-DE575C84EE36" otype="FKIndexAssociation" vid_source="E49EEF6E-667E-C781-838A-2C330E8C61AF" vid_target="4910036E-517C-AFEA-2D67-BF950F7DE9BF">
<hideElementsInCurrentOnly>false</hideElementsInCurrentOnly>
<backgroundColor>-16777216</backgroundColor>
<lineWidth>1</lineWidth>
<points>
<point x="972" y="510"/>
<point x="972" y="394"/>
</points>
</Connector>
<Connector class="oracle.dbtools.crest.swingui.relational.TVFKRelation" oid="F0F3F1BE-6AEA-1F19-01A5-3711648A6E90" otype="FKIndexAssociation" vid_source="37C359C7-781E-BACB-55F2-9E07A48F3FF4" vid_target="EEC2E442-D415-D347-4B4F-1EFA0CE99B6A">
<hideElementsInCurrentOnly>false</hideElementsInCurrentOnly>
<backgroundColor>-16777216</backgroundColor>
<lineWidth>1</lineWidth>
<points>
<point x="10" y="10"/>
<point x="724" y="49"/>
</points>
</Connector>
<Connector class="oracle.dbtools.crest.swingui.relational.TVFKRelation" oid="F869E69A-B369-EC9F-9EF9-5C418A0E483E" otype="FKIndexAssociation" vid_source="78B53D7F-2BC3-4252-171F-0F0D78CC4172" vid_target="C0C7EDDD-A550-4D5C-4514-50B657C253EF">
<hideElementsInCurrentOnly>false</hideElementsInCurrentOnly>
<backgroundColor>-16777216</backgroundColor>
<lineWidth>1</lineWidth>
<points>
<point x="316" y="428"/>
<point x="400" y="428"/>
</points>
</Connector>
<Connector class="oracle.dbtools.crest.swingui.relational.TVFKRelation" oid="FCA5E9EA-82D6-C2D8-A493-0AEB89B197F9" otype="FKIndexAssociation" vid_source="EF6901CA-02C0-8BBC-E21D-E12EE314A275" vid_target="59C4AF4F-F202-3D74-72EE-4BAB33C1B777">
<hideElementsInCurrentOnly>false</hideElementsInCurrentOnly>
<backgroundColor>-16777216</backgroundColor>
<lineWidth>1</lineWidth>
<points>
<point x="1109" y="341"/>
<point x="1190" y="341"/>
</points>
</Connector>
</connectors>
</Diagram>