<?xml version = '1.0' encoding = 'UTF-8'?>
<Table class="oracle.dbtools.crest.model.design.relational.Table" directorySegmentName="seg_0" id="175F7F2B-9F93-CD38-7951-9C55F1883E17" name="MARCA_VEHICULO">
<createdBy>ProBook</createdBy>
<createdTime>2024-09-08 01:19:45 UTC</createdTime>
<generatorID>1E1BFAC1-23D6-9CCF-D052-1F4D44EB5A8D</generatorID>
<ownerDesignName>DataBase_s6</ownerDesignName>
<allowColumnReorder>false</allowColumnReorder>
<existDependencyGenerateInDDl>true</existDependencyGenerateInDDl>
<parsed>true</parsed>
<columns itemClass="oracle.dbtools.crest.model.design.relational.Column">
<Column name="ID_MARCA" id="ACDC7DD3-F808-936A-77C0-9EF8AAB1F677">
<createdBy>ProBook</createdBy>
<createdTime>2024-09-08 01:19:45 UTC</createdTime>
<generatorID>DF8DF0E1-32DC-0440-9C4F-7113B261015A</generatorID>
<ownerDesignName>DataBase_s6</ownerDesignName>
<useDomainConstraints>false</useDomainConstraints>
<use>1</use>
<logicalDatatype>LOGDT019</logicalDatatype>
<dataTypePrecision>10</dataTypePrecision>
<ownDataTypeParameters>,10,</ownDataTypeParameters>
<autoIncrementCycle>false</autoIncrementCycle>
</Column>
<Column name="NOMBRE" id="9986C6F8-D3D8-4E34-FB32-772DFF31BBD7">
<createdBy>ProBook</createdBy>
<createdTime>2024-09-08 01:19:45 UTC</createdTime>
<generatorID>176C1F82-EE88-C5B1-DF50-779F604D75EB</generatorID>
<ownerDesignName>DataBase_s6</ownerDesignName>
<useDomainConstraints>false</useDomainConstraints>
<use>1</use>
<logicalDatatype>LOGDT024</logicalDatatype>
<dataTypeSize>20 CHAR</dataTypeSize>
<ownDataTypeParameters>20 CHAR,,</ownDataTypeParameters>
<autoIncrementCycle>false</autoIncrementCycle>
</Column>
<Column name="PATENTE" id="439E998D-6A80-CFDE-1A8E-CC485283A6AC">
<createdBy>jbarr</createdBy>
<createdTime>2024-09-17 01:08:02 UTC</createdTime>
<generatorID>260D312F-A69F-FF2C-F0C4-C617B13A41EC</generatorID>
<ownerDesignName>DataBase_s6</ownerDesignName>
<useDomainConstraints>false</useDomainConstraints>
<use>1</use>
<logicalDatatype>LOGDT019</logicalDatatype>
<dataTypePrecision>6</dataTypePrecision>
<ownDataTypeParameters>,6,</ownDataTypeParameters>
<autoIncrementCycle>false</autoIncrementCycle>
</Column>
<Column name="RUT_CLIENTE" id="C3106428-52AD-D174-B657-DB9C0D973E2A">
<createdBy>jbarr</createdBy>
<createdTime>2024-09-17 01:08:02 UTC</createdTime>
<generatorID>C3B17297-2FE8-16F5-F30A-C16306C7ACFA</generatorID>
<ownerDesignName>DataBase_s6</ownerDesignName>
<useDomainConstraints>false</useDomainConstraints>
<use>1</use>
<logicalDatatype>LOGDT019</logicalDatatype>
<ownDataTypeParameters>,,</ownDataTypeParameters>
<previousColumn>false</previousColumn>
<autoIncrementCycle>false</autoIncrementCycle>
</Column>
</columns>
<indexes itemClass="oracle.dbtools.crest.model.design.relational.Index">
<ind_PK_UK id="DB17A3D2-426C-9236-5821-C743E189D94A" name="MARCA_VEHICULO_PKv1">
<createdBy>jbarr</createdBy>
<createdTime>2024-09-17 01:08:02 UTC</createdTime>
<generatorID>FAF94444-FAFC-3191-AB6E-F4AA6BC94479</generatorID>
<ownerDesignName>DataBase_s6</ownerDesignName>
<pk>true</pk>
<indexState>Primary Constraint</indexState>
<isSurrogateKey>false</isSurrogateKey>
<indexColumnUsage>
<colUsage columnID="439E998D-6A80-CFDE-1A8E-CC485283A6AC"/>
<colUsage columnID="C3106428-52AD-D174-B657-DB9C0D973E2A"/>
</indexColumnUsage>
</ind_PK_UK>
<ind_PK_UK id="F49C54CC-E755-6FDE-2508-93F433934DB1" name="MARCA_VEHICULO_PK">
<createdBy>ProBook</createdBy>
<createdTime>2024-09-08 01:19:45 UTC</createdTime>
<generatorID>51DFD2AE-0700-2915-CAF7-D40E16FEC7F0</generatorID>
<ownerDesignName>DataBase_s6</ownerDesignName>
<indexState>Unique Constraint</indexState>
<isSurrogateKey>false</isSurrogateKey>
<indexColumnUsage>
<colUsage columnID="ACDC7DD3-F808-936A-77C0-9EF8AAB1F677"/>
</indexColumnUsage>
</ind_PK_UK>
</indexes>
</Table>