<?xml version = '1.0' encoding = 'UTF-8'?>
<Table class="oracle.dbtools.crest.model.design.relational.Table" directorySegmentName="seg_0" id="19192C92-6CF7-D74E-B424-792B61D2A7DE" name="SEGUIMIENTO">
<createdBy>ProBook</createdBy>
<createdTime>2024-09-08 01:19:45 UTC</createdTime>
<generatorID>3D41F1EE-39B3-F814-621C-DBCFE0C232D9</generatorID>
<ownerDesignName>DataBase_s6</ownerDesignName>
<allowColumnReorder>false</allowColumnReorder>
<existDependencyGenerateInDDl>true</existDependencyGenerateInDDl>
<parsed>true</parsed>
<columns itemClass="oracle.dbtools.crest.model.design.relational.Column">
<Column name="ID_SEGUIMIENTO" id="B9A696EB-B852-16FB-FB13-1A8D33BD039A">
<createdBy>ProBook</createdBy>
<createdTime>2024-09-08 01:19:45 UTC</createdTime>
<generatorID>99DF4E90-2D97-D7E0-119A-E2D137D24178</generatorID>
<ownerDesignName>DataBase_s6</ownerDesignName>
<useDomainConstraints>false</useDomainConstraints>
<use>1</use>
<logicalDatatype>LOGDT011</logicalDatatype>
<ownDataTypeParameters>,,</ownDataTypeParameters>
<autoIncrementCycle>false</autoIncrementCycle>
</Column>
<Column name="FECHA_HORA" id="E15EE9DF-F004-60FC-F6FA-ED413EA32305">
<createdBy>ProBook</createdBy>
<createdTime>2024-09-08 01:19:45 UTC</createdTime>
<generatorID>821F4F10-04DF-1F55-FB99-894F71CA9D6A</generatorID>
<ownerDesignName>DataBase_s6</ownerDesignName>
<useDomainConstraints>false</useDomainConstraints>
<use>1</use>
<logicalDatatype>LOGDT008</logicalDatatype>
<ownDataTypeParameters>,,</ownDataTypeParameters>
<autoIncrementCycle>false</autoIncrementCycle>
</Column>
<Column name="ID_ORDEN_ATENCION" id="E31E0D79-AF18-EF53-B6BB-68217D838869">
<createdBy>ProBook</createdBy>
<createdTime>2024-09-08 01:19:45 UTC</createdTime>
<generatorID>DCD19FFE-EE24-9F44-33C9-C4E7D1B3CD03</generatorID>
<ownerDesignName>DataBase_s6</ownerDesignName>
<useDomainConstraints>false</useDomainConstraints>
<use>1</use>
<logicalDatatype>LOGDT011</logicalDatatype>
<ownDataTypeParameters>,,</ownDataTypeParameters>
<previousColumn>false</previousColumn>
<autoIncrementCycle>false</autoIncrementCycle>
<associations>
<colAssociation fkAssociation="5426603A-6781-5667-40DE-E620190BBA96" referredColumn="18694DF4-4A7B-E519-A8C5-79DDFFBB337A"/>
</associations>
</Column>
<Column name="ID_ESTADO_VEHICULO" id="A545CE46-4315-DF1E-7765-DFE53F3E43AE">
<createdBy>ProBook</createdBy>
<createdTime>2024-09-08 01:19:45 UTC</createdTime>
<generatorID>46B767AA-B000-C087-33A2-D6D0ED266CDA</generatorID>
<ownerDesignName>DataBase_s6</ownerDesignName>
<useDomainConstraints>false</useDomainConstraints>
<use>1</use>
<logicalDatatype>LOGDT011</logicalDatatype>
<ownDataTypeParameters>,,</ownDataTypeParameters>
<previousColumn>false</previousColumn>
<autoIncrementCycle>false</autoIncrementCycle>
</Column>
</columns>
<indexes itemClass="oracle.dbtools.crest.model.design.relational.Index">
<ind_PK_UK id="C0536BDE-9C2C-77B4-FF42-A80FDC465E7C" name="SEGUIMIENTO_PK">
<createdBy>ProBook</createdBy>
<createdTime>2024-09-08 01:19:45 UTC</createdTime>
<generatorID>B3B17CCD-D2DE-F7FD-0B2B-5E101C4AD583</generatorID>
<ownerDesignName>DataBase_s6</ownerDesignName>
<pk>true</pk>
<indexState>Primary Constraint</indexState>
<isSurrogateKey>false</isSurrogateKey>
<indexColumnUsage>
<colUsage columnID="B9A696EB-B852-16FB-FB13-1A8D33BD039A"/>
</indexColumnUsage>
</ind_PK_UK>
<ind_PK_UK id="F5E5087D-4C93-1A14-6202-6ED15810C97A" name="SEGUIMIENTO__IDX">
<createdBy>ProBook</createdBy>
<createdTime>2024-09-08 01:19:45 UTC</createdTime>
<ownerDesignName>DataBase_s6</ownerDesignName>
<indexState>Unique Plain Index</indexState>
<isSurrogateKey>false</isSurrogateKey>
<relationGeneratorID>7786A160-2AE1-D4CD-77DB-347428A31A87</relationGeneratorID>
<indexColumnUsage>
<colUsage columnID="E31E0D79-AF18-EF53-B6BB-68217D838869"/>
</indexColumnUsage>
</ind_PK_UK>
<ind_PK_UK id="4B69553A-F918-E577-2432-EC07D3E0BC76" name="SEGUIMIENTO__IDXv1">
<createdBy>ProBook</createdBy>
<createdTime>2024-09-08 01:19:45 UTC</createdTime>
<ownerDesignName>DataBase_s6</ownerDesignName>
<indexState>Unique Plain Index</indexState>
<isSurrogateKey>false</isSurrogateKey>
<relationGeneratorID>9B4EFD54-9032-BB4B-639C-71760662ABC4</relationGeneratorID>
<indexColumnUsage>
<colUsage columnID="A545CE46-4315-DF1E-7765-DFE53F3E43AE"/>
</indexColumnUsage>
</ind_PK_UK>
<ind_PK_UK id="32EFEF8C-C94E-F3DB-384A-77F68EAE4D5E" name="Relation_12">
<createdBy>jbarr</createdBy>
<createdTime>2024-09-17 01:13:49 UTC</createdTime>
<generatorID>7786A160-2AE1-D4CD-77DB-347428A31A87</generatorID>
<ownerDesignName>DataBase_s6</ownerDesignName>
<indexState>Foreign Key</indexState>
<isSurrogateKey>false</isSurrogateKey>
<indexColumnUsage>
<colUsage columnID="E31E0D79-AF18-EF53-B6BB-68217D838869"/>
</indexColumnUsage>
</ind_PK_UK>
</indexes>
</Table>