<?xml version = '1.0' encoding = 'UTF-8'?>
<Table class="oracle.dbtools.crest.model.design.relational.Table" directorySegmentName="seg_0" id="7DB2CE98-1931-4F0F-AB46-17FB59EDB854" name="COLOR_VEHICULO">
<createdBy>ProBook</createdBy>
<createdTime>2024-09-08 01:19:45 UTC</createdTime>
<generatorID>7AB22C9D-4C23-928C-3C0F-C95015CA8E74</generatorID>
<ownerDesignName>DataBase_s6</ownerDesignName>
<allowColumnReorder>false</allowColumnReorder>
<existDependencyGenerateInDDl>true</existDependencyGenerateInDDl>
<parsed>true</parsed>
<columns itemClass="oracle.dbtools.crest.model.design.relational.Column">
<Column name="ID_COLOR" id="DBB0E431-7B8F-A790-19DB-0BF37276F8B1">
<createdBy>ProBook</createdBy>
<createdTime>2024-09-08 01:19:45 UTC</createdTime>
<generatorID>3FAE0167-00FA-16A9-0486-8711F2E6EAF1</generatorID>
<ownerDesignName>DataBase_s6</ownerDesignName>
<useDomainConstraints>false</useDomainConstraints>
<use>1</use>
<logicalDatatype>LOGDT019</logicalDatatype>
<dataTypePrecision>3</dataTypePrecision>
<ownDataTypeParameters>,3,</ownDataTypeParameters>
<autoIncrementCycle>false</autoIncrementCycle>
</Column>
<Column name="COLOR" id="8E952BA2-22D9-B73F-5F7D-AB220AA7004C">
<createdBy>ProBook</createdBy>
<createdTime>2024-09-08 01:19:45 UTC</createdTime>
<generatorID>5D1F102C-79C4-D340-7DA1-377428F551DA</generatorID>
<ownerDesignName>DataBase_s6</ownerDesignName>
<useDomainConstraints>false</useDomainConstraints>
<use>1</use>
<logicalDatatype>LOGDT024</logicalDatatype>
<dataTypeSize>10 CHAR</dataTypeSize>
<ownDataTypeParameters>10 CHAR,,</ownDataTypeParameters>
<autoIncrementCycle>false</autoIncrementCycle>
</Column>
<Column name="PATENTE" id="0C841BD5-5C12-536A-D3B0-8DC17B387425">
<createdBy>jbarr</createdBy>
<createdTime>2024-09-17 01:08:02 UTC</createdTime>
<generatorID>260D312F-A69F-FF2C-F0C4-C617B13A41EC</generatorID>
<ownerDesignName>DataBase_s6</ownerDesignName>
<useDomainConstraints>false</useDomainConstraints>
<use>1</use>
<logicalDatatype>LOGDT019</logicalDatatype>
<dataTypePrecision>6</dataTypePrecision>
<ownDataTypeParameters>,6,</ownDataTypeParameters>
<autoIncrementCycle>false</autoIncrementCycle>
</Column>
<Column name="RUT_CLIENTE" id="05748954-8811-2EEF-B583-55993E51081F">
<createdBy>jbarr</createdBy>
<createdTime>2024-09-17 01:08:02 UTC</createdTime>
<generatorID>C3B17297-2FE8-16F5-F30A-C16306C7ACFA</generatorID>
<ownerDesignName>DataBase_s6</ownerDesignName>
<useDomainConstraints>false</useDomainConstraints>
<use>1</use>
<logicalDatatype>LOGDT019</logicalDatatype>
<ownDataTypeParameters>,,</ownDataTypeParameters>
<previousColumn>false</previousColumn>
<autoIncrementCycle>false</autoIncrementCycle>
</Column>
</columns>
<indexes itemClass="oracle.dbtools.crest.model.design.relational.Index">
<ind_PK_UK id="5C04A0F0-FF45-F945-A87E-AA91E8FC2CA4" name="COLOR_VEHICULO_PKv1">
<createdBy>jbarr</createdBy>
<createdTime>2024-09-17 01:08:02 UTC</createdTime>
<generatorID>FAF94444-FAFC-3191-AB6E-F4AA6BC94479</generatorID>
<ownerDesignName>DataBase_s6</ownerDesignName>
<pk>true</pk>
<indexState>Primary Constraint</indexState>
<isSurrogateKey>false</isSurrogateKey>
<indexColumnUsage>
<colUsage columnID="0C841BD5-5C12-536A-D3B0-8DC17B387425"/>
<colUsage columnID="05748954-8811-2EEF-B583-55993E51081F"/>
</indexColumnUsage>
</ind_PK_UK>
<ind_PK_UK id="514FE643-07F6-1813-0EFA-BE66BD32E150" name="COLOR_VEHICULO_PK">
<createdBy>ProBook</createdBy>
<createdTime>2024-09-08 01:19:45 UTC</createdTime>
<generatorID>4984991F-4539-9898-E15A-0B864B5B14E3</generatorID>
<ownerDesignName>DataBase_s6</ownerDesignName>
<indexState>Unique Constraint</indexState>
<isSurrogateKey>false</isSurrogateKey>
<indexColumnUsage>
<colUsage columnID="DBB0E431-7B8F-A790-19DB-0BF37276F8B1"/>
</indexColumnUsage>
</ind_PK_UK>
</indexes>
</Table>