<?xml version = '1.0' encoding = 'UTF-8'?>
<Table class="oracle.dbtools.crest.model.design.relational.Table" directorySegmentName="seg_0" id="D7C1997F-B391-94D3-CB93-2B72F3E3B6D4" name="MODELO_VEHICULO">
<createdBy>ProBook</createdBy>
<createdTime>2024-09-08 01:19:45 UTC</createdTime>
<generatorID>798A173B-7E34-B477-BC09-941CB7870154</generatorID>
<ownerDesignName>DataBase_s6</ownerDesignName>
<allowColumnReorder>false</allowColumnReorder>
<existDependencyGenerateInDDl>true</existDependencyGenerateInDDl>
<parsed>true</parsed>
<columns itemClass="oracle.dbtools.crest.model.design.relational.Column">
<Column name="ID_MODELO" id="97C55A7F-B90D-BE01-FC2A-A2AB47052441">
<createdBy>ProBook</createdBy>
<createdTime>2024-09-08 01:19:45 UTC</createdTime>
<generatorID>4F329C25-D75B-CE7C-2DB3-66161DC4F8C4</generatorID>
<ownerDesignName>DataBase_s6</ownerDesignName>
<useDomainConstraints>false</useDomainConstraints>
<use>1</use>
<logicalDatatype>LOGDT019</logicalDatatype>
<dataTypePrecision>10</dataTypePrecision>
<ownDataTypeParameters>,10,</ownDataTypeParameters>
<autoIncrementCycle>false</autoIncrementCycle>
</Column>
<Column name="NOMBRE" id="A78474D4-F7ED-1213-8BC0-BB3C873F3480">
<createdBy>ProBook</createdBy>
<createdTime>2024-09-08 01:19:45 UTC</createdTime>
<generatorID>BD2247C9-C1BE-F5BE-DAFD-C0F5BA586E97</generatorID>
<ownerDesignName>DataBase_s6</ownerDesignName>
<useDomainConstraints>false</useDomainConstraints>
<use>1</use>
<logicalDatatype>LOGDT024</logicalDatatype>
<dataTypeSize>30 CHAR</dataTypeSize>
<ownDataTypeParameters>30 CHAR,,</ownDataTypeParameters>
<autoIncrementCycle>false</autoIncrementCycle>
</Column>
<Column name="PATENTE" id="0BFE3B0A-C6DB-D68C-8E3D-812700415C40">
<createdBy>jbarr</createdBy>
<createdTime>2024-09-17 01:08:02 UTC</createdTime>
<generatorID>260D312F-A69F-FF2C-F0C4-C617B13A41EC</generatorID>
<ownerDesignName>DataBase_s6</ownerDesignName>
<useDomainConstraints>false</useDomainConstraints>
<use>1</use>
<logicalDatatype>LOGDT019</logicalDatatype>
<dataTypePrecision>6</dataTypePrecision>
<ownDataTypeParameters>,6,</ownDataTypeParameters>
<autoIncrementCycle>false</autoIncrementCycle>
</Column>
<Column name="RUT_CLIENTE" id="D4D2FFAD-183B-C000-8886-212D3346624C">
<createdBy>jbarr</createdBy>
<createdTime>2024-09-17 01:08:02 UTC</createdTime>
<generatorID>C3B17297-2FE8-16F5-F30A-C16306C7ACFA</generatorID>
<ownerDesignName>DataBase_s6</ownerDesignName>
<useDomainConstraints>false</useDomainConstraints>
<use>1</use>
<logicalDatatype>LOGDT019</logicalDatatype>
<ownDataTypeParameters>,,</ownDataTypeParameters>
<previousColumn>false</previousColumn>
<autoIncrementCycle>false</autoIncrementCycle>
</Column>
</columns>
<indexes itemClass="oracle.dbtools.crest.model.design.relational.Index">
<ind_PK_UK id="C2E2FCA4-1A89-EF38-BF15-FFDAF50EE281" name="MODELO_VEHICULO_PKv1">
<createdBy>jbarr</createdBy>
<createdTime>2024-09-17 01:08:02 UTC</createdTime>
<generatorID>FAF94444-FAFC-3191-AB6E-F4AA6BC94479</generatorID>
<ownerDesignName>DataBase_s6</ownerDesignName>
<pk>true</pk>
<indexState>Primary Constraint</indexState>
<isSurrogateKey>false</isSurrogateKey>
<indexColumnUsage>
<colUsage columnID="0BFE3B0A-C6DB-D68C-8E3D-812700415C40"/>
<colUsage columnID="D4D2FFAD-183B-C000-8886-212D3346624C"/>
</indexColumnUsage>
</ind_PK_UK>
<ind_PK_UK id="64F5921B-56CA-F079-2053-EC3F201DAF58" name="MODELO_VEHICULO_PK">
<createdBy>ProBook</createdBy>
<createdTime>2024-09-08 01:19:45 UTC</createdTime>
<generatorID>835D1E4A-6C3C-A95D-F76F-6D29F2361009</generatorID>
<ownerDesignName>DataBase_s6</ownerDesignName>
<indexState>Unique Constraint</indexState>
<isSurrogateKey>false</isSurrogateKey>
<indexColumnUsage>
<colUsage columnID="97C55A7F-B90D-BE01-FC2A-A2AB47052441"/>
</indexColumnUsage>
</ind_PK_UK>
</indexes>
</Table>