<?xml version = '1.0' encoding = 'UTF-8'?>
<Table class="oracle.dbtools.crest.model.design.relational.Table" directorySegmentName="seg_0" id="DBA9B56B-8497-EE5F-604B-E0ADCCC86CAA" name="ESTADO_VEHICULO">
<createdBy>ProBook</createdBy>
<createdTime>2024-09-08 01:19:45 UTC</createdTime>
<generatorID>FBE9C8B5-B37A-A40E-8904-4E8D8CFDBCA6</generatorID>
<ownerDesignName>DataBase_s6</ownerDesignName>
<allowColumnReorder>false</allowColumnReorder>
<existDependencyGenerateInDDl>true</existDependencyGenerateInDDl>
<parsed>true</parsed>
<columns itemClass="oracle.dbtools.crest.model.design.relational.Column">
<Column name="ID_ESTADO_VEHICULO" id="A9A47276-4BF8-3DBD-7CE9-E37A312246C7">
<createdBy>ProBook</createdBy>
<createdTime>2024-09-08 01:19:45 UTC</createdTime>
<generatorID>67FB6EA6-5B5F-A1AA-E517-5EE51FE8B72E</generatorID>
<ownerDesignName>DataBase_s6</ownerDesignName>
<useDomainConstraints>false</useDomainConstraints>
<use>1</use>
<logicalDatatype>LOGDT011</logicalDatatype>
<ownDataTypeParameters>,,</ownDataTypeParameters>
<autoIncrementCycle>false</autoIncrementCycle>
</Column>
<Column name="NOMBRE_ESTADO" id="38B6D220-B202-413F-28A4-7A0F5DF395A3">
<createdBy>ProBook</createdBy>
<createdTime>2024-09-08 01:19:45 UTC</createdTime>
<generatorID>A7AF198B-F686-C61C-4CD9-2A10BFB8A320</generatorID>
<ownerDesignName>DataBase_s6</ownerDesignName>
<useDomainConstraints>false</useDomainConstraints>
<use>1</use>
<logicalDatatype>LOGDT024</logicalDatatype>
<dataTypeSize>10 CHAR</dataTypeSize>
<ownDataTypeParameters>10 CHAR,,</ownDataTypeParameters>
<autoIncrementCycle>false</autoIncrementCycle>
</Column>
<Column name="DESCRIPCION" id="8F056D82-5911-9B83-C72D-05A4368E7F59">
<createdBy>ProBook</createdBy>
<createdTime>2024-09-08 01:19:45 UTC</createdTime>
<generatorID>B485781E-DD2C-960D-2EE4-AB48B8A296E4</generatorID>
<ownerDesignName>DataBase_s6</ownerDesignName>
<useDomainConstraints>false</useDomainConstraints>
<use>1</use>
<logicalDatatype>LOGDT024</logicalDatatype>
<dataTypeSize>30 CHAR</dataTypeSize>
<ownDataTypeParameters>30 CHAR,,</ownDataTypeParameters>
<autoIncrementCycle>false</autoIncrementCycle>
</Column>
<Column name="ID_SEGUIMIENTO" id="40D3FA28-971B-F896-DA20-B16F9EB92446">
<createdBy>ProBook</createdBy>
<createdTime>2024-09-08 01:19:45 UTC</createdTime>
<generatorID>57417970-19EE-E204-D512-A523F0D43CC2</generatorID>
<ownerDesignName>DataBase_s6</ownerDesignName>
<useDomainConstraints>false</useDomainConstraints>
<use>1</use>
<logicalDatatype>LOGDT011</logicalDatatype>
<ownDataTypeParameters>,,</ownDataTypeParameters>
<previousColumn>false</previousColumn>
<autoIncrementCycle>false</autoIncrementCycle>
</Column>
<Column name="ID_ORDEN_ATENCION" id="03921829-F0A9-8035-778E-72E46B7D007F">
<createdBy>ProBook</createdBy>
<createdTime>2024-09-08 01:19:45 UTC</createdTime>
<generatorID>8B9D6442-03C2-DC1D-13A0-64ADDFA4E504</generatorID>
<ownerDesignName>DataBase_s6</ownerDesignName>
<useDomainConstraints>false</useDomainConstraints>
<use>1</use>
<logicalDatatype>LOGDT011</logicalDatatype>
<ownDataTypeParameters>,,</ownDataTypeParameters>
<previousColumn>false</previousColumn>
<autoIncrementCycle>false</autoIncrementCycle>
</Column>
<Column name="ID_ORDEN_ATENCION1" id="9194CCF6-2C0F-A644-834E-7DF7CECA4252">
<createdBy>jbarr</createdBy>
<createdTime>2024-09-17 01:13:49 UTC</createdTime>
<generatorID>55805E31-A67B-79FC-004C-55A25766CB35</generatorID>
<ownerDesignName>DataBase_s6</ownerDesignName>
<useDomainConstraints>false</useDomainConstraints>
<use>1</use>
<logicalDatatype>LOGDT011</logicalDatatype>
<ownDataTypeParameters>,,</ownDataTypeParameters>
<previousColumn>false</previousColumn>
<autoIncrementCycle>false</autoIncrementCycle>
<associations>
<colAssociation fkAssociation="FCA5E9EA-82D6-C2D8-A493-0AEB89B197F9" referredColumn="18694DF4-4A7B-E519-A8C5-79DDFFBB337A"/>
</associations>
</Column>
</columns>
<indexes itemClass="oracle.dbtools.crest.model.design.relational.Index">
<ind_PK_UK id="4C0AE7CC-6CFD-5042-9067-DA1BFCC44128" name="ESTADO_VEHICULO_PK">
<createdBy>ProBook</createdBy>
<createdTime>2024-09-08 01:19:45 UTC</createdTime>
<generatorID>F7B1C110-93CA-2510-2D10-060B44CF0AB2</generatorID>
<ownerDesignName>DataBase_s6</ownerDesignName>
<pk>true</pk>
<indexState>Primary Constraint</indexState>
<isSurrogateKey>false</isSurrogateKey>
<indexColumnUsage>
<colUsage columnID="A9A47276-4BF8-3DBD-7CE9-E37A312246C7"/>
</indexColumnUsage>
</ind_PK_UK>
<ind_PK_UK id="80AC12D4-6A8A-E64A-19A6-895453497515" name="ESTADO_VEHICULO__IDX">
<createdBy>ProBook</createdBy>
<createdTime>2024-09-08 01:19:45 UTC</createdTime>
<ownerDesignName>DataBase_s6</ownerDesignName>
<indexState>Unique Plain Index</indexState>
<isSurrogateKey>false</isSurrogateKey>
<relationGeneratorID>9B4EFD54-9032-BB4B-639C-71760662ABC4</relationGeneratorID>
<indexColumnUsage>
<colUsage columnID="40D3FA28-971B-F896-DA20-B16F9EB92446"/>
</indexColumnUsage>
</ind_PK_UK>
<ind_PK_UK id="1241FDA1-3EB9-C9DA-8616-1B41512DFBC5" name="ESTADO_VEHICULO__IDXv1">
<createdBy>ProBook</createdBy>
<createdTime>2024-09-08 01:19:45 UTC</createdTime>
<ownerDesignName>DataBase_s6</ownerDesignName>
<indexState>Unique Plain Index</indexState>
<isSurrogateKey>false</isSurrogateKey>
<relationGeneratorID>B6641644-0255-88B1-ECC0-BFE604ECD0AA</relationGeneratorID>
<indexColumnUsage>
<colUsage columnID="03921829-F0A9-8035-778E-72E46B7D007F"/>
</indexColumnUsage>
</ind_PK_UK>
<ind_PK_UK id="68873F5D-D370-2E8C-BDC2-4F405C3A8EE9" name="ESTADO_VEHICULO__IDX">
<createdBy>jbarr</createdBy>
<createdTime>2024-09-17 01:54:50 UTC</createdTime>
<ownerDesignName>DataBase_s6</ownerDesignName>
<indexState>Unique Plain Index</indexState>
<isSurrogateKey>false</isSurrogateKey>
<relationGeneratorID>B6641644-0255-88B1-ECC0-BFE604ECD0AA</relationGeneratorID>
<indexColumnUsage>
<colUsage columnID="9194CCF6-2C0F-A644-834E-7DF7CECA4252"/>
</indexColumnUsage>
</ind_PK_UK>
<ind_PK_UK id="15DB8FB5-AC56-E338-29EA-E0D45BE33733" name="Relation_14">
<createdBy>jbarr</createdBy>
<createdTime>2024-09-17 01:13:49 UTC</createdTime>
<generatorID>B6641644-0255-88B1-ECC0-BFE604ECD0AA</generatorID>
<ownerDesignName>DataBase_s6</ownerDesignName>
<indexState>Foreign Key</indexState>
<isSurrogateKey>false</isSurrogateKey>
<indexColumnUsage>
<colUsage columnID="9194CCF6-2C0F-A644-834E-7DF7CECA4252"/>
</indexColumnUsage>
</ind_PK_UK>
</indexes>
</Table>