<?xml version = '1.0' encoding = 'UTF-8'?>
<Table class="oracle.dbtools.crest.model.design.relational.Table" directorySegmentName="seg_0" id="E79A0360-9FFA-9322-F496-745ED0B771D5" name="AÑO_VEHICULO">
<createdBy>ProBook</createdBy>
<createdTime>2024-09-08 01:19:45 UTC</createdTime>
<generatorID>71B5D3C9-E213-B1AF-1A63-07A1F5806C49</generatorID>
<ownerDesignName>DataBase_s6</ownerDesignName>
<allowColumnReorder>false</allowColumnReorder>
<existDependencyGenerateInDDl>true</existDependencyGenerateInDDl>
<parsed>true</parsed>
<columns itemClass="oracle.dbtools.crest.model.design.relational.Column">
<Column name="ID_AÑO" id="BF14EC8A-AC65-2204-1B83-9AE2ACB9DB5D">
<createdBy>ProBook</createdBy>
<createdTime>2024-09-08 01:19:45 UTC</createdTime>
<generatorID>7BF7119A-47C2-DC63-8864-23DD52E3CE35</generatorID>
<ownerDesignName>DataBase_s6</ownerDesignName>
<useDomainConstraints>false</useDomainConstraints>
<use>1</use>
<logicalDatatype>LOGDT019</logicalDatatype>
<dataTypePrecision>10</dataTypePrecision>
<ownDataTypeParameters>,10,</ownDataTypeParameters>
<autoIncrementCycle>false</autoIncrementCycle>
</Column>
<Column name="AÑO" id="253FF202-E0A1-F244-37B0-46222FB90493">
<createdBy>ProBook</createdBy>
<createdTime>2024-09-08 01:19:45 UTC</createdTime>
<generatorID>5ACD7607-5217-FFE3-701D-273D728468D1</generatorID>
<ownerDesignName>DataBase_s6</ownerDesignName>
<useDomainConstraints>false</useDomainConstraints>
<use>1</use>
<logicalDatatype>LOGDT007</logicalDatatype>
<ownDataTypeParameters>,,</ownDataTypeParameters>
<autoIncrementCycle>false</autoIncrementCycle>
</Column>
<Column name="PATENTE" id="4CE0DC11-E237-A515-A3E1-0CBC4DF018FB">
<createdBy>jbarr</createdBy>
<createdTime>2024-09-17 01:08:02 UTC</createdTime>
<generatorID>260D312F-A69F-FF2C-F0C4-C617B13A41EC</generatorID>
<ownerDesignName>DataBase_s6</ownerDesignName>
<useDomainConstraints>false</useDomainConstraints>
<use>1</use>
<logicalDatatype>LOGDT019</logicalDatatype>
<dataTypePrecision>6</dataTypePrecision>
<ownDataTypeParameters>,6,</ownDataTypeParameters>
<autoIncrementCycle>false</autoIncrementCycle>
</Column>
<Column name="RUT_CLIENTE" id="C161DF04-A8F1-4BE7-24FA-015F8449BD6F">
<createdBy>jbarr</createdBy>
<createdTime>2024-09-17 01:08:02 UTC</createdTime>
<generatorID>C3B17297-2FE8-16F5-F30A-C16306C7ACFA</generatorID>
<ownerDesignName>DataBase_s6</ownerDesignName>
<useDomainConstraints>false</useDomainConstraints>
<use>1</use>
<logicalDatatype>LOGDT019</logicalDatatype>
<ownDataTypeParameters>,,</ownDataTypeParameters>
<previousColumn>false</previousColumn>
<autoIncrementCycle>false</autoIncrementCycle>
</Column>
</columns>
<indexes itemClass="oracle.dbtools.crest.model.design.relational.Index">
<ind_PK_UK id="4E5E65CE-5CE7-D7FC-1100-49923913E7B5" name="AÑO_VEHICULO_PKv1">
<createdBy>jbarr</createdBy>
<createdTime>2024-09-17 01:08:02 UTC</createdTime>
<generatorID>FAF94444-FAFC-3191-AB6E-F4AA6BC94479</generatorID>
<ownerDesignName>DataBase_s6</ownerDesignName>
<pk>true</pk>
<indexState>Primary Constraint</indexState>
<isSurrogateKey>false</isSurrogateKey>
<indexColumnUsage>
<colUsage columnID="4CE0DC11-E237-A515-A3E1-0CBC4DF018FB"/>
<colUsage columnID="C161DF04-A8F1-4BE7-24FA-015F8449BD6F"/>
</indexColumnUsage>
</ind_PK_UK>
<ind_PK_UK id="7D80A709-60FD-FFD6-AB83-F643710263CD" name="AÑO_VEHICULO_PK">
<createdBy>ProBook</createdBy>
<createdTime>2024-09-08 01:19:45 UTC</createdTime>
<generatorID>F67778A9-CF0C-A469-61F9-E9703EB7F6BA</generatorID>
<ownerDesignName>DataBase_s6</ownerDesignName>
<indexState>Unique Constraint</indexState>
<isSurrogateKey>false</isSurrogateKey>
<indexColumnUsage>
<colUsage columnID="BF14EC8A-AC65-2204-1B83-9AE2ACB9DB5D"/>
</indexColumnUsage>
</ind_PK_UK>
</indexes>
</Table>